"Guid","Name","SBQQ__MethodName__c","SBQQ__Version__c"
0b67f4fa-5ab3-4a18-9ebc-04b7d81378c4,a0S3t00000JcFMM,createAmendSubscriptionsCustomQleAction,226.8
0e1dc93f-c67d-4d2f-a9a4-b45cdf645588,a0S3t00000JcFOF,SBQQ.RootIdSetterChildAssets,226.8
15c46582-257a-4a9c-93eb-ff91006943fb,a0S3t00000JcFMT,SBQQ.BatchablePluginTranspileUtil,226.8
1f73b09b-7853-4a37-9fdb-38f57e1073b9,a0S3t00000JcFNg,SBQQ.InstallProcessorBatchHasCS,226.8
24d0ce95-a7d6-4e44-8a3a-ec5c92d9447f,a0S3t00000JcFML,createExternalConfiguratorCustomAction,226.8
2abb7f7d-9c93-4448-9e3d-ca5b1ff0d997,a0S3t00000JcFNl,SBQQ.CustomActionRefFieldGenerator,226.8
3955125f-667b-4674-8a82-aa272a530a02,a0S3t00000JcFNR,SBQQ.InstallProcessorBatchQLIPriceBookEntry,226.8
3c16bb42-2041-418c-a469-6e689889e471,a0S3t00000JcFNb,SBQQ.PriceRuleRefFieldGenerator,226.8
3da6c155-e01b-4dc0-8146-aa473d41c2e1,a0S3t00000JcFMn,SBQQ.InstallProcessorBatchRequiredByAsset,226.8
509f31c1-c663-4602-97ac-998f64b3d278,a0S3t00000JcFMs,SBQQ.ReferencedFieldRemover,226.8
50a3c2cb-a599-4458-a579-b446b29ffe1b,a0S3t00000JcFMY,SBQQ.InstallProcessorBatchRegularPrice,226.8
5b4e5f3f-563b-4d4a-8e6a-46316af57342,a0S3t00000JcFMx,SBQQ.InstallProcessorBatchAssetCombineKey,226.8
5cd3ce66-90c2-49c6-9968-765fe5274882,a0S3t00000JcFMO,createConfiguratorEditRulesAction,226.8
5e982eb5-ab72-480a-8e90-1c3e67b2fd73,a0S3t00000JcFMQ,SBQQ.BatchableDSExclusionGenerator,226.8
64a908bb-f09b-4592-8e49-5b137dba1e63,a0S3t00000JcFMP,enableFlagToPreventBackdatedAmendments,226.8
694c32b0-7c42-4ef1-95c9-35a17e896e70,a0S3t00000JcFMJ,createCustomActionsOnQLE,226.8
6c68af05-78ff-4c13-a310-0d6b76165056,a0S3t00000JcFNC,updateOIsWithAssetsContractsSubs,226.8
7803b88d-2952-43f4-bb4f-bd9a0421abf1,a0S3t00000JcFO0,SBQQ.RootIdSetterParentSubscriptions,226.8
8e43bdaa-e48a-4a7c-9342-12fccd7277f0,a0S3t00000JcFMK,createViewConsumptionScheduleLineAction,226.8
9a26f8da-d047-4311-bb55-ab4314e19b59,a0S3t00000JcFO5,SBQQ.RootIdSetterParentAssets,226.8
9c0e7078-46f1-4945-b82e-c53a3ae2db4b,a0S3t00000JcFNq,SBQQ.ProductRefFieldGenerator,226.8
a54cf75f-74b2-4f2e-b03f-98444bcd9c33,a0S3t00000JcFOA,SBQQ.RootIdSetterChildSubscriptions,226.8
aac83f26-ac4a-45c1-ad5e-f0db2231f6ac,a0S3t00000JcFNv,SBQQ.BatchableConfigAttrReferencedFieldUtil,226.8
ba88c2ca-d07d-4a98-81b3-edc4fc7d8e24,a0S3t00000JcFNH,SBQQ.InstallProcessorBatchQuantityEditable,226.8
d1cdb034-e536-41f2-b439-764b82d8c884,a0S3t00000JcFNM,SBQQ.SummaryVarRefFieldGenerator,226.8
d45fa2c6-39fc-4c44-bf28-27ae3e2ef5ff,a0S3t00000JcFNW,SBQQ.ProductRuleRefFieldGenerator,226.8
d77ba5f1-ef40-4126-8dcd-f65648d3c774,a0S3t00000JcFN2,SBQQ.DiscountScheduleRefFieldGenerator,226.8
db335df9-f9c2-4812-a726-4626d8b1bb33,a0S3t00000JcFMN,viewPricingGuidanceLineAction,226.8
e3075be8-69d5-4616-a855-48d70b299d01,a0S3t00000JcFMi,SBQQ.InstallProcessorBatchLocalizationIndex,226.8
f203b82e-c070-4b9a-bb0b-70096b4b33dc,a0S3t00000JcFN7,SBQQ.InstallProcessorBatchThemeGenerator,226.8
f3a86dd5-35a4-40f2-b174-710c8d11abfe,a0S3t00000JcFMd,CalculatorReferencedFieldRemover,226.8
